id_medidor,consumo_kwh,consumo_medio_historico,horas_uso_diarias,dias_sem_leitura,tensao_media,indice_perdas,localizacao,variação_consumo,fraude
MED-1426-TE,374.51,467.92,7.9,5,223.8,2.06,comercial,-19.96,0
MED-4203-qv,279.26,410.96,11.1,11,232.6,4.07,comercial,-32.05,0
MED-8147-yb,397.15,307.16,7.2,9,237.2,3.31,residencial,29.3,0
MED-1257-Ra,528.45,222.37,10.2,13,235.1,4.72,residencial,137.64,0
MED-4554-Eh,264.88,383.79,0.6,8,215.9,3.56,residencial,-30.98,0
MED-7056-AY,264.88,347.22,13.3,6,223.2,3.07,residencial,-23.71,0
MED-4250-Dn,536.88,407.42,12.0,14,216.0,3.25,comercial,31.78,0
MED-6524-zn,415.12,376.22,7.1,9,217.9,4.74,comercial,10.34,0
MED-5030-Bz,229.58,425.95,16.0,4,225.1,4.05,comercial,-46.1,0
MED-3495-SF,381.38,235.77,17.6,7,212.0,0.61,residencial,61.76,0
MED-5665-EF,230.49,458.09,2.4,14,216.5,2.9,residencial,-49.68,0
MED-5731-zo,230.14,323.71,7.4,1,238.1,3.6,residencial,-28.91,0
MED-4489-ke,336.29,549.03,7.4,6,224.0,3.87,industrial,-38.75,0
MED-9085-Jf,13.01,217.3,6.4,14,223.4,1.46,residencial,-94.01,0
MED-8209-Ua,41.26,508.32,17.0,3,210.4,4.4,residencial,-91.88,1
MED-2333-lF,215.66,323.75,10.8,8,217.4,4.8,residencial,-33.39,1
MED-8874-vg,148.08,221.83,10.4,11,236.0,1.57,comercial,-33.25,0
MED-6659-zd,347.14,241.93,0.0,0,214.9,4.47,residencial,43.49,0
MED-5264-Gs,163.8,261.56,15.8,6,222.5,0.94,residencial,-37.38,0
MED-2598-TP,88.15,350.9,4.6,5,210.4,0.75,industrial,-74.88,0
MED-3462-ST,519.85,362.74,12.4,7,224.4,1.08,comercial,43.31,0
MED-2363-bm,266.13,231.16,13.7,4,210.6,0.76,residencial,15.13,0
MED-5053-Ak,310.13,297.08,20.2,14,234.6,4.3,residencial,4.39,0
MED-6968-qf,86.29,557.07,4.1,0,234.7,0.77,comercial,-84.51,0
MED-1862-Te,218.34,507.31,6.1,0,233.6,1.72,comercial,-56.96,0
MED-1956-Gt,316.64,352.36,13.1,8,218.5,0.97,residencial,-10.14,0
MED-0117-AD,127.35,304.56,22.8,14,235.1,1.83,residencial,-58.19,0
MED-6923-He,356.35,314.4,19.4,9,226.3,0.91,residencial,13.34,0
MED-9437-XU,209.9,373.62,13.3,5,221.2,3.51,comercial,-43.82,0
MED-6231-Vl,256.25,177.26,9.1,9,228.8,1.1,residencial,44.56,0
MED-6240-sP,209.74,269.11,16.8,4,210.4,4.33,residencial,-22.06,0
MED-1575-id,577.84,99.77,6.2,14,214.3,4.18,residencial,479.17,0
MED-7559-kh,297.98,347.91,14.9,0,232.3,0.56,comercial,-14.35,0
MED-5382-JX,141.34,377.66,15.0,5,217.3,4.53,residencial,-62.57,1
MED-7960-cc,423.38,242.02,18.4,5,227.9,0.63,residencial,74.94,0
MED-3515-dv,116.87,488.88,28.6,2,221.6,1.58,residencial,-76.09,0
MED-4520-SD,331.33,152.91,14.4,12,235.6,0.65,residencial,116.68,0
MED-1173-Tf,6.05,124.28,8.9,7,238.6,2.01,residencial,-95.13,1
MED-7299-MC,100.77,326.93,11.8,13,236.5,2.81,comercial,-69.18,0
MED-1658-sy,329.53,425.65,1.4,14,218.1,4.08,residencial,-22.58,0
MED-9201-xd,410.77,502.07,7.8,0,215.8,2.02,comercial,-18.18,0
MED-1421-Il,325.71,244.93,9.5,0,224.2,3.67,residencial,32.98,0
MED-6616-Ap,282.65,429.44,8.9,5,210.2,1.34,residencial,-34.18,0
MED-8518-Nw,254.83,295.38,12.9,9,210.8,3.88,residencial,-13.73,0
MED-4388-ih,78.22,279.28,7.1,12,226.6,1.56,residencial,-71.99,0
MED-6121-nB,192.02,406.04,18.7,0,225.6,1.15,residencial,-52.71,0
MED-2861-SP,230.9,378.28,12.0,5,239.8,1.33,comercial,-38.96,0
MED-5793-LV,458.57,110.83,11.9,0,216.1,1.32,comercial,313.76,0
MED-1475-DR,351.54,477.18,10.0,13,217.7,2.81,residencial,-26.33,0
MED-4155-GU,35.54,465.61,12.9,12,213.4,4.3,industrial,-92.37,1
MED-7264-BJ,348.61,224.93,17.0,5,237.5,0.86,residencial,54.99,0
MED-7515-eO,242.24,347.5,6.8,2,233.3,3.68,comercial,-30.29,0
MED-0747-pE,198.46,359.28,8.1,13,234.7,3.44,residencial,-44.76,0
MED-5822-pg,391.75,331.28,10.2,13,237.1,4.43,residencial,18.25,0
MED-8020-Fd,454.65,233.96,3.9,14,225.7,1.6,comercial,94.33,0
MED-1631-PT,439.69,219.41,7.1,7,223.5,2.53,residencial,100.4,0
MED-2204-Mf,174.12,296.93,9.1,12,219.9,4.67,residencial,-41.36,1
MED-5266-Re,253.62,440.73,17.2,14,227.7,3.47,residencial,-42.45,0
MED-9149-gb,349.69,365.23,13.6,5,223.6,2.25,residencial,-4.25,0
MED-9513-Vu,446.33,255.53,13.2,12,223.5,1.09,comercial,74.67,0
MED-8577-je,228.12,392.6,17.1,10,238.1,1.68,residencial,-41.9,0
MED-1036-Qd,272.15,41.83,11.2,12,239.5,3.12,comercial,550.61,0
MED-2617-tR,134.05,437.85,14.3,0,233.9,3.73,residencial,-69.38,0
MED-2970-jg,120.57,91.23,11.4,14,232.7,1.06,residencial,32.16,0
MED-9346-qU,421.88,256.51,13.6,4,230.4,3.2,comercial,64.47,0
MED-5687-dx,503.44,165.64,8.5,7,215.0,2.98,residencial,203.94,0
MED-9278-xQ,289.2,144.64,2.6,2,211.8,2.81,industrial,99.94,0
MED-7188-WS,450.53,439.3,11.2,11,230.7,3.61,residencial,2.56,0
MED-9273-MU,354.25,243.88,20.5,5,231.9,4.27,residencial,45.26,0
MED-3921-SH,203.23,341.58,17.6,4,211.4,1.95,residencial,-40.5,0
MED-6586-fD,354.21,294.37,17.8,5,237.8,4.5,residencial,20.33,0
MED-1934-tQ,530.71,357.24,19.4,9,212.7,1.22,residencial,48.56,0
MED-6392-aW,294.63,309.22,12.5,0,218.6,1.28,comercial,-4.72,0
MED-9057-vQ,534.7,146.04,13.2,6,230.2,1.7,residencial,266.13,0
MED-9653-sm,92.96,419.55,8.3,8,215.1,1.04,residencial,-77.84,0
MED-4413-Co,423.29,240.75,10.1,1,211.7,1.54,residencial,75.82,0
MED-3827-ZN,313.06,113.21,15.7,9,219.9,0.98,residencial,176.53,0
MED-8658-jp,255.15,248.63,19.2,14,233.0,4.2,residencial,2.62,0
MED-7337-rZ,313.76,480.09,11.2,4,222.4,1.13,comercial,-34.65,0
MED-7093-OK,1.86,402.03,9.3,9,229.6,3.86,comercial,-99.54,1
MED-1726-vG,267.05,258.16,12.0,3,227.4,0.72,comercial,3.44,0
MED-5226-Wr,353.57,258.09,15.6,5,210.7,4.77,comercial,36.99,0
MED-1723-Yf,521.68,261.4,3.3,5,239.7,3.7,residencial,99.57,0
MED-5369-Gj,222.26,549.21,1.8,10,211.2,0.53,comercial,-59.53,0
MED-3938-sV,178.73,345.83,8.7,1,239.0,3.94,residencial,-48.32,0
MED-9507-Vu,224.74,351.6,4.7,1,226.5,2.81,residencial,-36.08,0
MED-8661-hD,437.31,423.63,9.0,3,238.9,4.01,residencial,3.23,0
MED-1616-JV,349.31,328.65,11.1,0,213.4,2.85,residencial,6.29,0
MED-2553-Tr,220.54,268.91,9.3,8,224.7,3.38,comercial,-17.99,0
MED-1466-Yi,376.99,276.44,20.7,13,215.1,4.04,residencial,36.37,0
MED-9149-Lo,314.56,291.41,14.0,13,211.5,2.32,comercial,7.94,0
MED-7555-ab,445.3,295.53,13.8,12,228.5,0.51,residencial,50.68,0
MED-7934-pG,194.69,387.32,15.7,6,216.2,4.32,residencial,-49.73,0
MED-9182-tD,250.85,306.23,5.2,11,227.6,2.21,comercial,-18.08,0
MED-2980-Yq,241.18,387.92,18.2,6,213.4,2.73,residencial,-37.83,0
MED-4056-fR,80.47,290.31,11.5,14,220.0,0.53,residencial,-72.28,0
MED-7526-tg,344.42,309.44,16.0,2,233.4,2.71,residencial,11.3,0
MED-9459-lt,339.16,60.22,5.6,14,223.1,4.94,residencial,463.2,0
MED-5566-Li,300.77,409.96,2.7,10,228.8,1.75,residencial,-26.63,0
MED-7837-gS,264.81,341.58,16.9,14,229.4,2.28,residencial,-22.47,0
MED-7928-mH,87.69,419.76,14.3,11,235.3,3.59,industrial,-79.11,0
MED-4819-SW,236.9,47.55,6.6,2,219.7,4.17,comercial,398.21,0
MED-2253-ty,248.59,550.6,6.8,0,230.6,2.38,comercial,-54.85,0
MED-4104-EO,179.66,283.25,18.8,2,238.8,1.89,comercial,-36.57,0
MED-0756-BR,275.81,432.98,4.9,2,231.9,4.72,residencial,-36.3,0
MED-6064-ad,360.61,175.21,21.9,3,224.7,3.55,residencial,105.82,0
MED-4311-Mh,582.93,373.53,6.6,3,228.9,1.04,residencial,56.06,0
MED-7721-hv,326.19,173.59,15.8,2,232.2,0.81,residencial,87.91,0
MED-8876-bV,338.63,225.15,10.0,9,228.4,2.68,industrial,50.4,0
MED-6333-Sl,288.83,529.68,15.6,11,210.5,1.49,residencial,-45.47,0
MED-7522-Gq,12.18,277.12,8.7,7,215.8,1.64,residencial,-95.6,1
MED-5956-eq,296.02,326.09,11.0,7,234.3,4.45,residencial,-9.22,0
MED-7733-AE,309.03,404.41,12.2,12,218.2,0.9,residencial,-23.58,0
MED-3805-KE,669.49,359.48,6.0,12,231.9,3.72,residencial,86.24,0
MED-1859-yB,271.15,318.05,16.4,0,221.2,1.72,residencial,-14.75,0
MED-2011-gU,345.23,343.8,8.9,6,225.7,3.92,residencial,0.42,0
MED-3131-CG,294.79,588.41,10.6,10,212.0,3.75,residencial,-49.9,0
MED-9969-No,124.7,293.09,6.0,1,215.4,0.53,residencial,-57.45,0
MED-0268-QG,471.42,324.13,3.4,0,238.7,2.79,residencial,45.44,0
MED-9156-JE,412.79,426.08,10.9,2,236.7,1.13,comercial,-3.12,0
MED-8290-jR,418.65,432.66,26.5,3,229.6,4.4,residencial,-3.24,0
MED-8934-ei,163.59,442.44,16.7,12,223.8,4.42,residencial,-63.03,0
MED-7212-ef,510.42,376.65,11.9,5,230.3,2.38,industrial,35.52,0
MED-8465-cH,89.72,162.84,10.4,9,228.6,2.5,residencial,-44.9,0
MED-4519-KF,388.03,496.01,12.1,13,227.1,1.86,comercial,-21.77,0
MED-2746-rh,628.57,162.44,15.3,4,211.8,3.72,comercial,286.96,0
MED-2611-Ue,151.42,336.32,4.9,14,229.0,2.11,residencial,-54.98,0
MED-5734-cz,215.06,209.49,18.7,14,233.1,1.71,comercial,2.66,0
MED-6776-yP,314.95,292.3,16.3,13,239.8,2.45,comercial,7.75,0
MED-8393-OT,224.48,339.45,16.3,3,210.3,0.91,residencial,-33.87,0
MED-9095-DZ,67.4,338.56,14.6,7,231.9,3.86,residencial,-80.09,0
MED-0854-yB,310.28,350.63,12.1,10,227.2,0.56,comercial,-11.51,0
MED-5809-Fy,140.65,493.65,16.0,11,223.0,3.4,comercial,-71.51,0
MED-1203-Cx,371.04,354.42,15.6,13,213.8,1.32,residencial,4.69,0
MED-7672-yQ,162.09,270.7,9.9,3,222.3,1.55,residencial,-40.12,0
MED-0887-LJ,532.49,415.69,8.6,12,220.6,3.36,comercial,28.1,0
MED-7531-ZP,182.51,442.74,12.6,9,219.1,4.97,residencial,-58.78,1
MED-9609-Bk,251.69,152.69,21.3,11,231.9,4.0,residencial,64.84,0
MED-7195-uj,422.03,371.69,4.6,12,231.0,1.52,comercial,13.54,0
MED-7431-fb,115.37,384.14,3.2,1,227.7,1.29,residencial,-69.97,0
MED-4212-xX,334.12,264.29,13.0,14,238.2,4.4,residencial,26.42,0
MED-8920-En,496.07,465.08,12.3,2,220.5,2.5,comercial,6.66,0
MED-5846-Fc,58.88,281.99,13.0,5,217.3,1.12,comercial,-79.12,0
MED-9221-FK,327.7,315.07,13.5,7,229.7,4.38,residencial,4.01,0
MED-8364-oD,338.98,279.23,10.7,7,216.0,4.17,residencial,21.4,0
MED-4177-Zy,417.27,301.87,20.9,14,219.5,4.93,residencial,38.23,0
MED-6184-Mt,114.46,168.45,2.4,10,216.7,4.59,industrial,-32.05,1
MED-7727-nc,101.93,127.19,7.0,14,212.1,4.33,residencial,-19.86,0
MED-1197-St,378.29,491.34,11.4,8,234.8,0.74,residencial,-23.01,0
MED-5680-wp,344.55,198.36,2.1,6,217.6,0.97,residencial,73.7,0
MED-0405-OL,337.57,181.03,10.9,12,224.2,3.06,comercial,86.47,0
MED-0262-cM,351.97,41.59,22.0,1,211.3,2.89,residencial,746.29,0
MED-8915-Ek,198.0,223.32,12.1,7,231.0,2.56,residencial,-11.34,0
MED-7076-vq,334.84,141.23,13.4,6,219.9,2.29,residencial,137.09,0
MED-3420-bT,343.96,497.04,4.4,7,232.3,2.44,comercial,-30.8,0
MED-9654-yM,192.85,421.18,8.3,11,222.4,3.06,residencial,-54.21,0
MED-5536-Qj,579.87,217.42,9.7,2,215.9,0.51,residencial,166.7,0
MED-6510-RT,371.07,570.29,10.1,6,225.4,1.67,residencial,-34.93,0
MED-3729-JH,121.3,417.81,19.7,9,213.9,2.83,comercial,-70.97,1
MED-3719-tS,398.48,261.02,15.3,12,223.2,3.75,residencial,52.66,0
MED-7905-Oi,153.8,0.07,5.3,8,219.5,1.28,residencial,219614.29,0
MED-7637-oj,418.06,574.91,13.5,2,237.4,2.96,residencial,-27.28,0
MED-8174-zk,473.79,133.25,15.0,13,211.8,3.72,industrial,255.56,0
MED-5244-ay,176.9,102.55,18.8,9,230.8,2.5,residencial,72.5,0
MED-1867-ZA,444.51,422.71,21.5,5,215.5,0.62,industrial,5.16,0
MED-8532-Wd,361.92,592.77,5.9,1,219.6,2.52,comercial,-38.94,0
MED-2493-Oc,423.31,466.11,7.1,1,222.5,1.83,residencial,-9.18,0
MED-4245-MC,584.52,367.67,4.5,4,237.2,4.68,residencial,58.98,0
MED-8829-dQ,263.19,371.37,10.6,4,217.3,1.06,residencial,-29.13,0
MED-5591-sY,186.94,402.41,14.8,12,212.7,3.44,residencial,-53.54,0
MED-4676-Ir,166.57,391.07,17.9,6,219.6,0.74,residencial,-57.41,0
MED-2735-sf,177.63,333.74,11.5,11,213.1,2.51,residencial,-46.78,0
MED-3606-qe,288.43,312.5,10.1,1,213.9,2.99,comercial,-7.7,0
MED-4215-As,351.17,292.49,12.9,10,227.2,1.84,residencial,20.06,0
MED-1292-qb,341.5,209.52,7.0,13,211.8,2.55,comercial,62.99,0
MED-0223-Wc,424.08,266.32,24.5,12,210.9,1.24,residencial,59.24,0
MED-7697-pp,301.95,96.85,2.4,6,231.4,1.87,residencial,211.77,0
MED-0865-tc,518.03,288.2,13.1,4,220.8,3.29,comercial,79.75,0
MED-4944-Ej,260.3,181.37,24.1,13,213.8,1.86,residencial,43.52,0
MED-5561-vD,708.03,167.57,12.0,5,217.6,4.55,comercial,322.53,0
MED-3850-pA,393.85,321.59,10.9,7,229.3,3.33,residencial,22.47,0
MED-3537-Xr,171.43,467.04,9.9,9,218.3,2.47,residencial,-63.29,0
MED-3958-nA,139.37,410.2,10.9,12,224.8,0.67,comercial,-66.02,0
MED-8106-qn,372.37,111.54,20.2,13,213.7,2.75,residencial,233.84,0
MED-2713-pI,266.48,181.24,1.3,11,227.6,3.94,residencial,47.03,0
MED-8874-nB,407.1,412.89,21.2,3,219.5,1.7,industrial,-1.4,0
MED-8766-ik,370.99,182.1,3.5,12,228.8,4.13,residencial,103.73,0
MED-6323-fK,289.08,273.04,10.4,6,234.3,1.63,comercial,5.87,0
MED-9167-KK,172.98,366.01,9.4,5,228.3,4.21,comercial,-52.74,0
MED-2727-Qf,72.77,183.8,15.5,9,218.9,0.88,comercial,-60.41,0
MED-8262-Mt,233.02,312.65,2.4,1,217.7,4.4,residencial,-25.47,0
MED-7874-sb,428.46,139.92,14.8,14,219.8,2.75,residencial,206.22,0
MED-9529-gR,332.11,227.84,24.1,7,214.9,1.83,comercial,45.76,0
MED-2665-aL,113.14,338.37,3.8,9,215.4,1.69,residencial,-66.56,0
MED-3380-sU,325.98,108.84,13.1,8,233.7,2.44,residencial,199.5,0
MED-2914-Gv,357.8,352.86,8.0,4,221.5,5.0,residencial,1.4,0
MED-7242-Gb,167.42,297.64,14.6,9,223.1,1.49,residencial,-43.75,0
MED-7194-Nv,323.06,366.3,12.1,3,227.8,0.96,comercial,-11.8,0
MED-4100-tq,308.73,326.87,8.2,5,227.7,3.13,comercial,-5.55,0
MED-3358-ah,128.55,463.7,14.9,7,212.0,2.7,residencial,-72.28,1
MED-4267-GG,353.67,315.03,22.8,10,234.9,2.86,residencial,12.27,0
MED-7346-DB,384.12,248.47,10.9,14,215.3,3.5,comercial,54.59,0
MED-6248-ft,462.46,314.68,16.3,2,231.7,1.7,residencial,46.96,0
MED-1852-dD,458.07,365.2,4.2,9,233.2,4.6,industrial,25.43,0
MED-1441-kg,93.35,305.86,6.3,10,231.4,2.46,residencial,-69.48,0
MED-9405-kd,159.33,304.87,14.8,10,227.4,1.08,residencial,-47.74,0
MED-9170-SJ,377.26,215.76,20.9,0,210.4,3.84,residencial,74.85,0
MED-5648-qE,377.07,220.45,14.1,3,220.8,3.39,industrial,71.05,0
MED-9349-bQ,377.26,131.69,10.1,14,228.1,1.92,residencial,186.48,0
MED-0782-Zf,877.91,509.95,12.0,3,221.6,3.3,residencial,72.16,0
MED-5493-hC,385.63,150.74,4.5,0,235.9,1.49,residencial,155.82,0
MED-7746-Yu,470.33,216.85,15.6,8,219.3,2.5,comercial,116.89,0
MED-6088-Db,443.1,213.79,17.3,2,218.8,4.55,comercial,107.26,0
MED-9257-vp,397.71,407.39,9.3,4,218.0,1.1,residencial,-2.38,0
MED-6755-Ao,252.71,264.61,9.2,5,220.0,2.24,residencial,-4.5,0
MED-5846-ut,413.85,449.73,13.6,7,226.7,4.2,residencial,-7.98,0
MED-8906-tb,184.08,219.18,9.4,5,231.2,4.86,residencial,-16.01,0
MED-3953-db,264.48,333.48,11.6,2,229.9,2.54,residencial,-20.69,0
MED-3676-lW,227.2,199.76,24.6,5,234.2,2.78,residencial,13.74,0
MED-3238-Qj,312.28,557.42,10.5,0,236.6,3.07,residencial,-43.98,0
MED-2830-GC,647.2,157.49,9.8,3,234.5,4.7,residencial,310.95,0
MED-5369-vJ,19.91,337.18,8.1,5,210.6,4.36,residencial,-94.1,1
MED-0053-La,402.94,376.05,16.5,6,232.1,1.27,comercial,7.15,0
MED-8796-rK,58.09,349.66,10.9,10,216.3,2.47,residencial,-83.39,0
MED-3128-Om,229.21,277.77,8.1,12,214.0,2.59,residencial,-17.48,0
MED-0631-wS,463.34,284.42,19.9,10,229.2,4.05,residencial,62.91,0
MED-2785-Ug,309.64,305.26,20.5,9,219.6,3.21,residencial,1.43,0
MED-6255-FS,138.34,282.36,8.4,2,211.7,3.44,residencial,-51.01,0
MED-6045-hV,192.7,415.67,0.8,8,214.1,4.99,comercial,-53.64,0
MED-3358-Ha,401.94,565.26,18.0,11,210.0,0.84,residencial,-28.89,0
MED-1773-Hh,190.45,233.1,7.9,11,237.1,1.5,residencial,-18.3,0
MED-6744-Tm,332.47,135.62,16.7,6,210.7,2.34,residencial,145.15,0
MED-5716-TZ,306.84,289.41,0.2,13,216.3,2.07,comercial,6.02,0
MED-6330-Cv,202.26,609.57,17.4,0,222.5,0.6,residencial,-66.82,0
MED-7572-cH,621.59,203.56,4.7,1,220.7,0.91,residencial,205.36,0
MED-8875-UG,395.09,496.69,16.4,0,237.4,3.56,residencial,-20.46,0
MED-7081-mA,3.77,501.32,12.1,10,211.2,4.46,residencial,-99.25,1
MED-2121-zI,327.97,233.57,6.3,8,225.4,2.81,industrial,40.42,0
MED-4941-zQ,200.73,368.28,9.6,8,230.4,2.93,comercial,-45.5,0
MED-6845-sp,427.87,495.41,16.1,6,238.0,1.65,residencial,-13.63,0
MED-1250-QI,181.12,254.5,12.6,9,228.6,3.96,residencial,-28.83,0
MED-9647-kt,282.79,275.57,15.5,2,234.1,3.88,comercial,2.62,0
MED-5317-AA,375.75,230.2,23.9,12,212.5,3.15,residencial,63.23,0
MED-0082-da,429.86,178.23,2.6,14,221.6,1.46,residencial,141.18,0
MED-6411-jI,119.96,222.09,21.7,4,221.2,0.94,comercial,-45.99,0
MED-2360-al,249.82,153.13,12.6,14,236.6,0.79,comercial,63.14,0
MED-5904-ZT,228.76,304.09,6.6,3,214.5,3.17,residencial,-24.77,0
MED-9729-mV,202.0,207.6,4.0,6,214.6,4.21,residencial,-2.7,0
MED-8023-uW,564.82,328.05,10.9,13,219.9,4.36,residencial,72.17,0
MED-6868-Wl,360.75,113.29,17.5,8,211.6,2.59,comercial,218.43,0
MED-1801-vP,110.87,339.71,11.2,11,215.5,4.03,residencial,-67.36,0
MED-0367-qa,437.68,400.02,21.1,1,239.0,4.76,residencial,9.41,0
MED-5198-eu,618.32,60.75,3.3,12,222.8,1.74,residencial,917.81,0
MED-9155-PT,454.87,344.89,11.9,7,229.0,2.29,residencial,31.89,0
MED-4632-Fv,72.09,447.32,4.5,14,231.8,4.69,residencial,-83.88,1
MED-5306-uf,227.36,154.84,14.2,8,221.0,2.02,residencial,46.84,0
MED-5061-ea,490.04,500.71,17.3,9,214.4,4.61,residencial,-2.13,0
MED-3621-dJ,193.85,350.28,9.5,13,216.2,4.91,residencial,-44.66,1
MED-7945-JZ,366.57,215.4,3.6,9,219.4,3.48,comercial,70.18,0
MED-6047-Cf,416.2,293.31,13.2,8,229.1,4.18,residencial,41.9,0
MED-0806-ol,160.96,367.0,14.6,13,221.9,3.87,comercial,-56.14,0
MED-9558-Az,291.07,309.12,14.4,9,210.2,3.65,comercial,-5.84,0
MED-0942-sZ,186.19,364.65,19.4,13,225.7,1.88,residencial,-48.94,0
MED-3852-Ox,146.34,189.52,5.6,6,237.6,0.76,residencial,-22.78,0
MED-8711-bY,262.11,320.32,16.1,14,234.4,2.04,comercial,-18.17,0
MED-5933-WY,112.83,130.35,19.2,8,234.8,3.5,residencial,-13.44,0
MED-9217-OR,544.86,286.65,1.3,8,233.9,0.96,residencial,90.08,0
MED-9903-Mw,85.48,191.53,13.9,13,219.7,0.55,residencial,-55.37,0
MED-1330-tb,233.99,211.74,9.0,2,233.0,1.13,residencial,10.51,0
MED-7182-Ij,319.61,448.33,11.5,3,214.3,3.72,comercial,-28.71,0
MED-2723-US,516.19,430.96,14.1,1,229.7,4.88,comercial,19.78,0
MED-7899-Ev,84.62,373.1,9.1,9,229.2,4.92,comercial,-77.32,1
MED-3385-BC,474.47,168.92,7.9,2,210.8,2.72,residencial,180.88,0
MED-9464-tu,301.53,262.03,12.2,10,233.6,4.41,residencial,15.07,0
MED-9604-hw,152.77,445.57,5.5,10,237.1,3.82,residencial,-65.71,0
MED-9559-xL,369.32,317.01,5.5,4,218.0,2.75,residencial,16.5,0
MED-9146-Jy,329.86,578.32,16.1,4,234.4,3.08,residencial,-42.96,0
MED-9188-mX,209.97,347.2,5.1,5,212.5,1.12,residencial,-39.52,0
MED-3757-Jr,310.47,323.05,16.0,12,228.0,4.72,residencial,-3.89,0
MED-8799-HV,242.2,262.91,14.8,6,224.6,2.08,residencial,-7.88,0
MED-5683-Sq,317.03,316.02,1.6,6,226.4,2.51,residencial,0.32,0
MED-3760-Dg,399.32,281.7,7.9,0,237.8,3.52,residencial,41.75,0
MED-2477-aD,537.9,384.97,19.2,13,236.1,2.0,residencial,39.73,0
MED-4085-Cx,114.33,414.8,6.1,1,233.6,1.64,residencial,-72.44,0
MED-7464-tx,619.96,205.68,9.2,11,218.2,3.34,residencial,201.42,0
MED-4927-fV,7.19,140.25,14.8,8,237.4,0.61,comercial,-94.87,1
MED-4302-iN,277.23,79.66,16.7,9,212.9,3.74,comercial,248.02,0
MED-9369-yC,388.25,360.96,10.5,1,235.6,2.81,industrial,7.56,0
MED-8208-UY,342.15,167.6,8.4,5,219.8,3.23,residencial,104.15,0
MED-7846-wx,206.6,41.65,20.5,10,211.6,3.34,residencial,396.04,0
MED-3492-WH,268.78,346.63,22.4,10,230.1,2.87,residencial,-22.46,0
MED-6257-Sv,226.05,599.16,17.9,0,216.9,3.12,comercial,-62.27,0
MED-9045-XT,211.6,299.27,12.5,2,217.3,3.58,residencial,-29.29,0
MED-2718-AF,427.44,400.62,7.2,1,219.2,3.89,comercial,6.69,0
MED-1801-kj,353.55,309.82,7.0,2,211.9,3.77,residencial,14.11,0
MED-5792-RA,196.06,288.13,15.1,4,215.3,4.41,comercial,-31.95,0
MED-9328-VP,434.94,410.29,14.5,10,210.2,1.35,comercial,6.01,0
MED-8701-UR,346.09,265.17,20.4,9,223.4,2.31,residencial,30.52,0
MED-9183-GW,421.93,332.09,15.9,5,212.5,4.77,residencial,27.05,0
MED-6543-BF,394.44,338.6,3.0,8,230.5,2.28,residencial,16.49,0
MED-4886-Wi,175.65,219.83,18.3,11,217.1,1.06,residencial,-20.1,0
MED-6358-tF,215.97,419.05,6.0,10,238.3,2.86,residencial,-48.46,0
MED-3728-aK,412.09,279.0,9.7,14,236.1,0.99,residencial,47.7,0
MED-2058-Dy,391.56,209.31,13.5,14,218.7,1.41,residencial,87.07,0
MED-6008-dq,296.86,364.38,24.0,9,233.5,4.99,residencial,-18.53,0
MED-1607-in,317.6,192.18,30.7,11,234.1,2.94,residencial,65.26,0
MED-1975-fu,491.65,303.38,15.6,11,239.6,1.78,residencial,62.06,0
MED-6937-Ms,211.26,298.91,10.9,12,227.9,4.98,residencial,-29.32,0
MED-4925-bp,382.06,430.31,15.2,3,212.5,4.85,residencial,-11.21,0
MED-6334-cO,269.67,356.96,17.3,6,229.4,2.48,comercial,-24.45,0
MED-1682-Ml,267.35,297.0,10.1,5,228.7,1.67,residencial,-9.98,0
MED-4927-VI,464.82,398.13,22.8,1,229.2,4.27,comercial,16.75,0
MED-1097-Lk,423.81,466.82,13.4,9,219.2,3.72,residencial,-9.21,0
MED-6801-uH,422.03,366.94,15.0,10,235.8,3.59,residencial,15.01,0
MED-6606-rW,495.82,301.24,16.0,10,238.8,4.52,residencial,64.59,0
MED-2871-Qw,303.15,142.58,14.5,10,216.5,3.6,residencial,112.62,0
MED-6450-ov,402.29,172.19,17.0,14,212.6,1.78,residencial,133.63,0
MED-4181-pr,253.46,263.37,8.3,14,215.8,3.62,residencial,-3.76,0
MED-2089-pg,348.62,226.86,8.7,7,234.6,1.88,residencial,53.67,0
MED-4014-Fp,280.48,277.56,5.4,6,230.3,3.92,residencial,1.05,0
MED-2395-oR,314.55,306.8,14.6,14,229.1,3.29,residencial,2.53,0
MED-6105-Nt,389.27,363.56,16.7,14,222.1,0.85,comercial,7.07,0
MED-9192-fI,177.27,291.54,14.7,6,227.3,2.81,residencial,-39.2,0
MED-8720-rO,613.86,358.38,22.0,13,219.2,2.04,residencial,71.29,0
MED-3130-yn,149.1,307.74,12.0,14,224.3,1.98,comercial,-51.55,0
MED-7785-Lt,117.87,62.94,16.0,7,233.8,3.21,residencial,87.27,0
MED-9649-AU,473.72,187.28,5.4,11,239.4,1.95,comercial,152.95,0
MED-5574-qK,418.75,282.71,9.7,11,238.0,4.0,residencial,48.12,0
MED-3813-qT,393.62,154.84,16.2,12,238.0,0.82,residencial,154.21,0
MED-0021-kU,394.25,371.99,17.1,13,222.1,3.47,comercial,5.98,0
MED-0298-aY,298.16,483.69,10.2,10,224.1,4.14,residencial,-38.36,0
MED-1633-PF,165.41,446.25,11.6,0,231.2,3.53,comercial,-62.93,0
MED-6975-bn,311.37,274.39,2.9,14,237.7,2.74,residencial,13.48,0
MED-4670-gC,198.43,478.89,9.9,12,214.3,4.78,residencial,-58.56,1
MED-2326-qY,446.27,317.84,17.3,0,219.1,1.85,comercial,40.41,0
MED-5550-uh,277.94,259.55,15.5,7,214.2,0.59,residencial,7.09,0
MED-5373-la,176.18,226.39,15.0,3,228.4,2.44,comercial,-22.18,0
MED-2461-jN,251.79,263.7,12.3,4,219.2,0.65,residencial,-4.52,0
MED-6300-wE,361.94,253.42,12.0,7,219.8,4.79,residencial,42.82,0
MED-7273-FS,215.44,320.45,8.0,4,212.1,1.44,residencial,-32.77,0
MED-7813-Uw,176.67,319.27,16.2,9,220.5,4.05,comercial,-44.66,0
MED-7965-qo,336.55,300.37,14.5,3,235.9,3.99,residencial,12.05,0
MED-3833-OD,336.74,352.43,15.0,11,217.0,1.48,residencial,-4.45,0
MED-8142-GM,223.96,442.88,8.8,5,230.9,3.3,comercial,-49.43,0
MED-3243-SM,229.34,413.95,0.9,12,228.9,0.72,comercial,-44.6,0
MED-0386-CL,334.81,121.81,18.6,14,235.9,2.68,residencial,174.86,0
MED-1516-Lk,82.79,6.47,9.1,11,214.0,0.57,residencial,1179.6,0
MED-5612-Tj,88.88,412.12,6.8,4,239.3,4.65,residencial,-78.43,1
MED-3810-uh,192.23,135.97,16.2,13,227.5,4.89,residencial,41.38,0
MED-1317-rt,267.98,273.03,9.6,6,239.9,1.5,residencial,-1.85,0
MED-1973-ox,346.64,159.59,18.4,13,237.3,1.44,residencial,117.21,0
MED-4583-xW,521.3,83.76,15.7,9,216.6,3.89,residencial,522.37,0
MED-4469-WC,428.65,364.98,16.1,6,211.7,1.64,comercial,17.44,0
MED-3821-nn,276.01,391.1,3.8,12,217.7,4.53,comercial,-29.43,0
MED-8864-FH,297.15,230.82,19.3,3,225.8,3.08,residencial,28.74,0
MED-9789-ek,149.62,10.93,13.6,11,215.1,2.08,residencial,1268.89,0
MED-6673-tF,297.22,234.45,9.8,12,215.0,4.25,residencial,26.77,0
MED-7053-OF,256.7,347.02,12.9,4,223.9,2.72,residencial,-26.03,0
MED-1018-be,348.41,122.53,1.3,12,211.0,4.6,comercial,184.35,0
MED-7399-Ek,175.92,322.0,14.5,2,213.7,4.68,residencial,-45.37,1
MED-6529-JO,377.9,298.16,5.8,14,222.5,1.24,residencial,26.74,0
MED-8602-fN,529.91,369.51,3.9,3,211.9,0.51,residencial,43.41,0
MED-8803-cU,283.69,314.35,2.9,14,221.9,4.93,residencial,-9.75,0
MED-8367-HS,360.26,183.23,18.7,13,224.2,4.58,residencial,96.62,0
MED-5910-oR,403.52,443.59,8.2,3,223.5,0.75,residencial,-9.03,0
MED-2026-qR,239.82,280.98,21.2,2,236.1,4.25,residencial,-14.65,0
MED-7737-fW,333.61,296.72,8.8,12,225.9,2.56,residencial,12.43,0
MED-9392-jA,301.89,188.01,1.8,9,224.0,1.67,comercial,60.57,0
MED-9915-Eq,314.65,246.81,5.3,4,222.3,4.45,comercial,27.49,0
MED-2919-dP,184.05,193.82,19.4,4,234.5,1.39,residencial,-5.04,0
MED-8689-mO,303.68,279.25,11.1,10,236.9,4.76,residencial,8.75,0
MED-1732-xp,374.7,505.41,8.7,6,235.6,1.43,residencial,-25.86,0
MED-6924-St,517.67,135.37,13.0,3,230.2,3.26,residencial,282.41,0
MED-4959-Yk,443.89,106.37,15.0,12,214.1,1.5,residencial,317.31,0
MED-3875-tN,622.98,476.54,18.7,3,218.3,2.96,residencial,30.73,0
MED-9299-sp,184.9,274.88,20.7,8,211.4,3.58,residencial,-32.73,0
MED-7493-iL,430.85,219.71,9.8,5,237.9,1.36,residencial,96.1,0
MED-2419-Bd,327.5,424.79,4.0,14,229.8,2.84,residencial,-22.9,0
MED-4680-MX,628.47,227.33,9.5,3,232.4,2.61,residencial,176.46,0
MED-2928-Oi,178.76,519.12,13.6,1,219.3,0.82,comercial,-65.56,0
MED-1904-Pi,174.04,381.35,6.2,5,235.4,4.18,residencial,-54.36,0
MED-7601-UG,210.09,241.45,6.3,1,217.8,2.01,residencial,-12.99,0
MED-6432-yL,18.58,558.88,14.1,4,210.0,3.09,residencial,-96.68,1
MED-4656-Bq,221.14,227.31,11.7,5,221.3,2.82,comercial,-2.71,0
MED-1339-XW,186.13,389.05,12.2,3,227.1,2.81,comercial,-52.16,0
MED-7797-AA,322.56,335.92,7.4,13,224.4,0.98,comercial,-3.98,0
MED-6166-Rb,351.26,456.21,10.6,12,235.9,2.41,residencial,-23.0,0
MED-9311-Tp,581.43,487.38,6.5,2,213.2,2.54,residencial,19.3,0
MED-9953-sN,442.56,303.84,17.3,6,226.6,3.8,comercial,45.66,0
MED-0193-iz,213.46,209.59,18.2,1,225.4,4.28,residencial,1.85,0
MED-6907-ga,165.24,355.2,0.9,12,218.4,2.95,residencial,-53.48,0
MED-2526-Jv,373.79,218.67,6.4,10,234.7,0.89,comercial,70.94,0
MED-9328-RI,101.97,541.61,3.0,13,232.6,1.57,residencial,-81.17,0
MED-5669-BA,574.72,316.38,8.1,5,232.0,1.24,residencial,81.65,0
MED-9961-Zq,476.92,256.16,11.5,12,236.3,1.06,residencial,86.18,0
MED-7617-qy,229.62,322.16,3.3,3,231.7,2.15,residencial,-28.72,0
MED-6051-Av,43.03,138.34,6.5,5,217.0,1.53,residencial,-68.9,0
MED-5015-jU,503.08,183.41,6.0,3,231.2,1.48,residencial,174.29,0
MED-8116-No,282.82,444.05,13.2,3,219.2,0.75,comercial,-36.31,0
MED-4653-Jg,485.67,221.17,12.4,14,217.3,0.58,residencial,119.59,0
MED-7799-jD,60.84,174.37,7.7,3,212.2,0.96,comercial,-65.11,0
MED-8463-fg,210.09,364.4,13.1,8,232.3,1.27,residencial,-42.35,0
MED-0680-LY,300.79,442.28,8.7,6,231.3,2.44,residencial,-31.99,0
MED-0162-mO,307.05,386.27,10.4,2,217.0,2.8,comercial,-20.51,0
MED-4523-Ky,232.49,419.53,22.0,2,232.5,1.13,comercial,-44.58,0
MED-9484-wm,393.43,209.18,20.0,5,237.5,2.41,residencial,88.08,0
MED-0171-yJ,139.86,129.38,4.2,5,213.2,2.04,comercial,8.1,0
MED-7044-me,278.64,480.16,17.0,3,217.0,1.33,comercial,-41.97,0
MED-9533-la,318.04,261.28,16.9,14,232.5,0.53,comercial,21.72,0
MED-0909-mV,377.17,269.9,5.1,14,218.2,2.6,residencial,39.74,0
MED-2082-Qb,406.74,459.38,16.9,8,228.7,3.59,comercial,-11.46,0
MED-6552-Ed,131.3,366.75,21.2,3,212.4,1.52,industrial,-64.2,0
MED-2987-wi,69.88,354.71,5.3,8,223.6,1.09,comercial,-80.3,0
MED-6282-rP,491.65,559.8,6.5,3,232.2,4.49,residencial,-12.17,0
MED-8144-qJ,349.85,222.78,18.1,1,230.6,1.74,residencial,57.04,0
MED-1811-vN,187.73,411.34,13.6,1,234.5,1.51,residencial,-54.36,0
MED-9297-GK,532.67,306.84,15.3,4,236.3,4.36,residencial,73.6,0
MED-6295-Vu,317.35,332.23,14.0,3,233.2,4.18,industrial,-4.48,0
MED-6198-YR,476.89,483.42,14.3,6,230.1,2.52,residencial,-1.35,0
MED-6889-Gv,310.13,360.94,4.0,13,211.0,2.7,residencial,-14.08,0
MED-2085-mP,609.11,364.6,18.3,10,226.0,1.48,comercial,67.06,0
MED-5085-OY,563.3,428.7,19.0,4,211.1,0.85,residencial,31.4,0
MED-9555-ln,262.66,256.21,10.6,5,234.2,3.08,residencial,2.52,0
MED-7697-ua,445.74,199.29,11.7,9,219.6,0.94,residencial,123.66,0
MED-2723-KS,396.81,174.62,2.8,3,226.9,2.52,residencial,127.24,0
MED-7846-QJ,505.29,64.04,15.1,12,218.4,4.73,residencial,689.02,0
MED-6622-es,155.26,546.74,15.4,11,233.5,4.79,industrial,-71.6,1
MED-3418-hg,402.91,167.61,11.6,1,236.6,1.58,residencial,140.39,0
MED-3570-zs,458.76,273.45,18.7,12,222.0,3.31,residencial,67.77,0
MED-3549-uy,36.19,266.78,10.0,9,235.9,2.63,residencial,-86.43,1
MED-1694-ck,122.51,336.89,15.4,8,218.0,4.44,residencial,-63.64,0
MED-7386-CJ,5.88,397.89,5.9,9,226.0,1.72,residencial,-98.52,0
MED-0033-GH,259.59,403.26,11.9,14,235.8,0.52,residencial,-35.63,0
MED-5018-AR,407.63,230.03,11.0,6,219.8,1.23,residencial,77.21,0
MED-8808-zu,525.35,279.95,13.4,3,238.6,2.07,comercial,87.66,0
MED-4646-CK,311.11,333.91,9.8,2,213.7,1.92,residencial,-6.83,0
MED-1038-cq,544.29,270.16,11.2,9,210.5,4.06,residencial,101.47,0
MED-4270-og,92.98,492.88,17.0,13,237.1,3.56,comercial,-81.14,0
MED-5487-Bv,44.49,358.92,9.4,14,212.1,1.85,residencial,-87.6,1
MED-8141-Qt,291.67,388.19,2.4,2,239.8,2.56,residencial,-24.86,0
MED-0162-XH,357.61,379.55,22.5,8,238.5,0.93,residencial,-5.78,0
MED-3370-SN,295.1,440.82,20.3,4,214.1,4.54,residencial,-33.06,1
MED-8668-iK,10.12,321.72,4.2,12,226.1,4.71,residencial,-96.85,1
MED-2883-QA,286.63,144.38,16.1,14,215.5,4.91,residencial,98.52,0
MED-9700-wf,104.33,347.96,9.0,2,222.8,4.41,residencial,-70.02,0
MED-2268-rr,400.45,221.84,13.6,14,211.8,1.28,residencial,80.51,0
MED-1292-Br,354.99,236.57,13.8,4,216.7,0.71,residencial,50.06,0
MED-2402-cg,159.02,370.36,10.6,1,220.9,3.11,residencial,-57.06,0
MED-7706-lg,222.92,448.59,7.3,10,223.2,4.61,comercial,-50.31,1
MED-0260-Yv,141.12,302.55,7.9,3,239.3,1.3,comercial,-53.36,0
MED-6525-jD,290.6,337.06,6.5,9,234.2,0.53,comercial,-13.78,0
MED-4828-ZN,443.27,504.27,7.0,1,232.1,4.12,residencial,-12.1,0
MED-4286-Jt,152.14,328.89,11.6,1,226.1,0.85,residencial,-53.74,0
MED-8541-Qq,375.61,612.2,7.7,11,235.2,2.36,residencial,-38.65,0
MED-4900-aU,220.46,367.86,16.1,7,220.2,3.55,residencial,-40.07,0
MED-6966-RJ,181.07,88.71,20.9,0,231.3,1.57,residencial,104.11,0
MED-5849-nB,283.95,390.4,8.5,13,239.8,0.88,residencial,-27.27,0
MED-6558-MX,144.71,345.74,13.4,6,219.4,3.97,residencial,-58.14,0
MED-4225-JT,216.95,454.77,15.0,4,230.2,3.34,residencial,-52.29,0
MED-8686-MI,120.32,380.78,14.8,14,235.3,4.95,industrial,-68.4,1
MED-5791-Zi,594.71,283.39,12.5,10,237.5,2.05,residencial,109.86,0
MED-2290-UH,305.29,153.08,16.5,7,231.5,0.78,residencial,99.43,0
MED-4044-px,195.04,274.92,14.9,0,218.5,3.8,residencial,-29.06,0
MED-7457-RZ,332.1,197.94,4.6,10,219.8,2.85,residencial,67.78,0
MED-6313-IY,283.15,230.34,17.2,6,210.6,1.46,residencial,22.93,0
MED-0422-QM,266.85,370.63,17.3,4,232.8,4.02,residencial,-28.0,0
MED-4222-iX,392.13,500.39,7.4,3,211.3,1.42,residencial,-21.64,0
MED-1116-FT,413.63,347.36,12.2,6,235.9,1.67,comercial,19.08,0
MED-7931-nG,220.42,156.49,16.1,9,213.6,0.92,comercial,40.85,0
MED-9504-Vx,213.63,353.35,10.7,14,215.2,2.3,industrial,-39.54,0
MED-3836-bn,258.74,443.6,18.4,1,224.3,2.39,comercial,-41.67,0
MED-6152-XR,45.29,226.83,26.2,11,232.1,2.82,residencial,-80.03,1
MED-0442-Gk,72.72,283.92,7.3,14,214.2,3.69,residencial,-74.39,1
MED-8168-kq,505.03,301.76,3.7,0,223.2,4.58,residencial,67.36,0
MED-4624-ST,546.75,205.81,13.8,0,224.5,1.12,residencial,165.66,0
MED-5156-si,262.64,377.79,16.3,10,216.4,0.74,residencial,-30.48,0
MED-2077-jp,386.48,285.49,10.6,11,213.5,0.58,comercial,35.37,0
MED-4908-dk,346.69,350.34,20.7,0,235.1,1.15,residencial,-1.04,0
MED-7619-Zn,761.83,193.5,4.0,14,225.1,3.46,residencial,293.71,0
MED-3419-xw,467.94,247.51,16.2,11,210.4,3.77,residencial,89.06,0
MED-8794-Sa,280.81,386.69,8.4,4,234.1,4.04,comercial,-27.38,0
MED-5033-FW,156.67,255.26,22.3,9,239.4,1.6,residencial,-38.62,0
MED-0262-Gr,59.03,507.24,24.0,6,228.2,1.88,comercial,-88.36,0
MED-9698-Vt,330.52,252.04,7.4,1,225.1,2.67,comercial,31.14,0
MED-2173-kA,186.55,326.96,8.7,9,236.4,0.78,comercial,-42.94,0
MED-0419-nn,86.66,411.91,17.2,7,238.6,3.25,comercial,-78.96,0
MED-3086-AH,203.01,129.8,9.7,3,232.6,4.93,comercial,56.4,0
MED-0990-Fm,137.77,88.7,11.7,11,223.4,2.12,residencial,55.32,0
MED-7406-tu,553.07,116.92,12.2,2,227.8,3.89,residencial,373.03,0
MED-9553-XD,432.25,451.51,0.5,9,231.0,2.75,residencial,-4.27,0
MED-0179-ZI,298.8,233.78,11.9,10,215.8,1.08,residencial,27.81,0
MED-9387-ip,521.99,606.98,7.9,7,223.4,3.12,industrial,-14.0,0
MED-6897-Qs,311.61,232.29,9.0,1,234.9,1.85,residencial,34.15,0
MED-0096-Ft,170.81,322.15,20.7,10,229.6,0.65,comercial,-46.98,0
MED-2335-Mq,528.47,485.05,4.5,10,222.3,3.36,residencial,8.95,0
MED-6688-vJ,380.84,540.73,16.9,12,229.9,4.37,residencial,-29.57,0
MED-7541-Uj,144.41,547.38,10.3,2,213.5,2.05,comercial,-73.62,0
MED-7780-ub,271.45,445.0,10.3,11,222.0,2.26,residencial,-39.0,0
MED-1373-gW,168.66,422.89,16.7,2,233.8,4.51,residencial,-60.12,1
MED-8829-eu,92.58,371.1,14.0,9,216.6,4.16,residencial,-75.05,0
MED-3969-aA,438.93,393.4,15.4,10,215.6,3.72,residencial,11.57,0
MED-3798-IJ,586.41,233.86,17.8,0,238.5,1.62,residencial,150.75,0
MED-1868-xJ,90.21,201.82,10.0,5,216.3,4.6,residencial,-55.3,1
MED-4814-UY,384.45,299.6,8.3,1,217.8,1.19,residencial,28.32,0
MED-5280-Jd,202.4,279.58,5.5,0,239.1,3.32,comercial,-27.61,0
MED-0942-uF,226.93,245.61,7.0,1,232.0,0.63,comercial,-7.61,0
MED-9791-IM,211.14,383.57,29.7,11,231.0,3.4,residencial,-44.95,0
MED-9297-xb,170.4,414.64,19.5,5,235.6,1.75,residencial,-58.9,0
MED-5953-pS,307.28,310.61,3.9,13,213.5,2.52,comercial,-1.07,0
MED-0484-gP,175.36,477.3,4.1,3,231.2,2.05,residencial,-63.26,0
MED-3946-Ri,340.57,163.0,14.9,5,225.1,1.28,residencial,108.94,0
MED-3678-qL,292.46,276.76,15.3,11,234.9,3.3,residencial,5.67,0
MED-8641-zh,264.16,213.98,15.3,8,225.2,4.47,comercial,23.45,0
MED-7806-JN,163.87,76.02,10.5,12,228.6,4.82,residencial,115.56,0
MED-3215-oB,213.48,290.08,11.2,9,224.3,1.37,residencial,-26.41,0
MED-9860-gN,413.31,285.39,14.0,11,224.3,3.73,residencial,44.82,0
MED-4383-Ig,375.14,481.61,12.5,9,233.0,3.49,residencial,-22.11,0
MED-6044-SZ,153.37,375.7,1.3,7,228.9,2.05,residencial,-59.18,0
MED-3993-sA,314.9,177.1,10.6,0,229.0,0.59,residencial,77.81,0
MED-0857-Ea,412.71,522.49,6.9,12,223.5,3.6,comercial,-21.01,0
MED-2879-Sm,49.59,446.52,13.1,7,225.9,4.75,industrial,-88.89,1
MED-6126-fJ,381.5,369.85,29.9,8,232.4,3.34,residencial,3.15,0
MED-2574-oB,200.61,272.82,14.2,5,234.8,2.46,residencial,-26.47,0
MED-0818-Bf,385.59,184.87,10.1,9,230.9,2.86,residencial,108.57,0
MED-8857-Si,185.51,255.34,17.5,14,237.7,1.4,comercial,-27.35,0
MED-9376-Nh,29.27,430.65,14.9,4,234.6,3.88,comercial,-93.2,1
MED-5549-Hb,55.87,526.15,14.5,5,226.9,3.86,residencial,-89.38,0
MED-5256-aO,307.21,485.19,15.6,12,230.1,1.15,residencial,-36.68,0
MED-3805-CP,338.96,241.34,24.3,5,237.8,4.45,comercial,40.45,0
MED-1659-Ik,164.35,165.65,5.2,8,228.6,1.71,residencial,-0.78,0
MED-4959-lr,395.79,316.91,14.8,3,234.7,4.92,residencial,24.89,0
MED-8774-Oq,50.77,87.79,6.4,1,230.7,2.22,residencial,-42.17,0
MED-2041-CV,290.09,338.78,15.3,10,226.6,1.3,residencial,-14.37,0
MED-3227-mY,118.35,282.29,6.5,10,217.3,2.08,residencial,-58.08,0
MED-7306-YT,202.22,244.08,9.5,8,222.8,2.48,comercial,-17.15,0
MED-8152-yJ,307.11,108.64,10.2,1,239.0,0.81,residencial,182.69,0
MED-8460-sP,170.94,361.63,17.9,9,229.7,3.1,residencial,-52.73,0
MED-4520-RY,242.32,236.08,17.5,8,226.9,3.19,residencial,2.64,0
MED-4304-oe,450.94,159.61,4.5,1,238.0,3.83,residencial,182.53,0
MED-3233-xW,213.47,44.67,12.3,11,227.6,0.63,residencial,377.88,0
MED-0857-Be,425.35,296.7,7.7,7,225.8,2.94,residencial,43.36,0
MED-8266-fM,130.54,512.67,4.4,8,232.8,0.74,comercial,-74.54,0
MED-0187-mo,379.47,499.35,10.7,11,231.4,3.66,residencial,-24.01,0
MED-4468-Jo,516.24,245.15,10.1,9,215.8,0.75,residencial,110.58,0
MED-3486-NE,70.75,227.73,26.6,8,224.1,4.6,residencial,-68.93,1
MED-1233-XC,180.47,356.25,14.6,9,224.2,3.66,residencial,-49.34,0
MED-0871-SD,386.56,180.19,3.7,8,221.3,2.78,comercial,114.53,0
MED-7178-IV,269.54,336.22,8.6,1,225.5,2.49,residencial,-19.83,0
MED-1408-dV,355.67,391.93,18.1,3,222.4,1.09,comercial,-9.25,0
MED-4555-ue,209.4,447.23,24.5,6,216.0,1.81,residencial,-53.18,0
MED-4175-hZ,312.99,287.98,2.5,11,222.4,4.41,comercial,8.68,0
MED-4719-ed,276.65,275.56,0.7,1,212.2,4.57,residencial,0.4,0
MED-2177-Pp,475.17,194.64,23.2,0,227.3,0.5,residencial,144.13,0
MED-2717-XI,338.16,200.77,14.3,2,235.6,3.17,residencial,68.43,0
MED-7157-Zt,350.64,272.82,6.8,11,231.8,3.74,residencial,28.52,0
MED-2251-Lw,238.22,344.08,15.2,3,220.8,3.28,comercial,-30.77,0
MED-5918-YE,226.86,409.63,3.8,7,212.6,0.87,comercial,-44.62,0
MED-7805-rU,235.12,203.62,12.0,5,216.1,1.48,residencial,15.47,0
MED-0194-bL,359.17,479.12,14.0,10,226.4,1.63,residencial,-25.04,0
MED-5138-Lp,236.85,267.47,17.5,1,216.2,4.24,residencial,-11.45,0
MED-3272-QS,343.47,297.44,5.9,14,226.3,2.58,comercial,15.48,0
MED-5333-rO,611.31,210.33,12.5,8,216.9,2.69,residencial,190.64,0
MED-9285-tJ,430.67,9.09,6.4,13,235.5,4.71,residencial,4637.84,0
MED-2401-lW,251.1,406.09,13.5,1,221.9,3.37,residencial,-38.17,0
MED-8127-re,480.18,388.42,6.6,12,217.4,4.54,comercial,23.62,0
MED-8927-ui,238.79,266.24,9.6,14,234.4,2.55,residencial,-10.31,0
MED-4811-Ec,5.72,308.04,6.0,11,220.3,1.17,comercial,-98.14,0
MED-4802-dc,148.79,361.91,15.9,4,213.3,4.68,comercial,-58.89,1
MED-6797-ZE,19.38,112.49,17.2,11,227.1,2.56,residencial,-82.77,1
MED-3863-ls,247.27,236.51,10.6,3,227.4,1.32,residencial,4.55,0
MED-8171-gJ,302.76,395.31,12.2,12,231.4,1.86,comercial,-23.41,0
MED-1555-Ut,551.47,149.49,3.3,6,217.2,0.73,residencial,268.9,0
MED-1467-aw,349.04,335.23,10.2,7,223.3,2.61,comercial,4.12,0
MED-8722-id,267.13,137.21,11.7,4,218.5,4.34,residencial,94.69,0
MED-3950-ZT,424.41,355.97,27.7,9,212.4,4.7,residencial,19.23,0
MED-8285-nv,31.67,295.72,5.3,13,236.3,4.7,comercial,-89.29,1
MED-4250-qW,335.34,106.18,20.8,13,231.9,1.06,residencial,215.82,0
MED-3457-vF,415.63,439.77,18.0,4,219.0,2.22,residencial,-5.49,0
MED-8370-vM,78.21,211.85,13.7,1,228.0,0.63,comercial,-63.08,0
MED-4151-kK,471.56,202.77,22.6,7,216.0,4.35,residencial,132.56,0
MED-7203-Yl,350.77,324.07,14.2,13,236.7,2.11,residencial,8.24,0
MED-8981-sY,237.71,437.84,14.3,1,213.4,3.34,residencial,-45.71,0
MED-9930-Eg,394.92,178.1,11.7,9,210.1,3.72,comercial,121.74,0
MED-4614-eM,640.6,307.4,19.3,11,225.1,2.43,comercial,108.39,0
MED-1473-Ge,327.28,351.46,18.6,5,227.5,1.88,residencial,-6.88,0
MED-8513-vz,337.23,383.17,8.2,7,227.4,4.83,comercial,-11.99,0
MED-6037-uJ,231.1,321.17,4.1,5,211.6,4.84,comercial,-28.04,0
MED-3101-in,172.52,255.96,10.8,3,219.4,1.8,residencial,-32.6,0
MED-2581-si,424.55,200.69,7.2,12,225.0,2.66,residencial,111.55,0
MED-1066-oY,171.59,310.34,11.6,3,216.5,4.88,residencial,-44.71,1
MED-0188-cU,310.73,171.34,19.4,5,236.2,0.52,residencial,81.35,0
MED-7019-DC,228.35,50.56,9.3,13,212.6,2.36,comercial,351.64,0
MED-1505-HJ,371.85,352.39,11.7,14,224.6,0.95,comercial,5.52,0
MED-7913-BW,350.05,408.47,12.3,12,230.7,2.79,residencial,-14.3,0
MED-8559-NY,455.63,16.45,17.1,3,217.9,0.61,residencial,2669.79,0
MED-2570-XZ,223.5,178.83,1.5,7,228.7,2.33,residencial,24.98,0
MED-2661-bY,259.52,374.3,8.4,8,234.9,1.49,residencial,-30.67,0
MED-3766-wJ,153.19,546.9,13.3,0,215.7,2.9,residencial,-71.99,0
MED-8300-qM,233.36,302.5,19.2,12,237.5,4.98,residencial,-22.86,0
MED-8276-Ka,356.6,212.64,9.0,3,226.6,4.1,residencial,67.7,0
MED-1398-Yw,413.55,278.05,0.7,3,219.0,4.31,residencial,48.73,0
MED-9098-gD,161.68,464.99,15.7,1,222.9,3.36,comercial,-65.23,0
MED-3491-Er,430.44,222.48,8.2,5,219.4,0.69,residencial,93.47,0
MED-4857-nd,503.35,204.1,4.9,2,231.8,1.43,residencial,146.62,0
MED-5757-qS,362.02,242.07,8.3,6,233.9,4.66,residencial,49.55,0
MED-7119-Ku,581.52,185.6,10.9,12,235.0,2.15,residencial,213.32,0
MED-0641-uH,183.93,314.72,8.4,10,239.6,0.97,residencial,-41.56,0
MED-5036-sT,113.3,494.96,1.2,10,233.7,3.66,residencial,-77.11,0
MED-8096-HX,33.19,338.77,17.4,4,228.0,1.85,comercial,-90.2,1
MED-0017-Fa,524.41,269.72,19.6,3,220.2,1.71,residencial,94.43,0
MED-7304-Jd,398.15,264.98,15.9,4,226.3,4.99,comercial,50.26,0
MED-8404-il,291.66,112.42,5.2,7,211.2,4.36,industrial,159.44,0
MED-6256-nh,342.0,405.97,10.8,2,232.3,2.34,comercial,-15.76,0
MED-6504-Zj,131.18,290.66,12.0,13,223.4,4.91,residencial,-54.87,1
MED-5369-Pz,666.86,278.34,15.6,6,210.6,3.43,comercial,139.58,0
MED-1105-Wk,319.38,683.17,16.0,14,211.9,3.84,residencial,-53.25,0
MED-7089-pm,316.41,335.85,7.6,13,221.6,0.64,residencial,-5.79,0
MED-3506-fL,408.86,209.79,12.5,5,227.5,1.05,comercial,94.89,0
MED-5818-cA,372.15,248.84,14.7,11,223.9,3.35,residencial,49.55,0
MED-8951-Fd,333.58,437.81,20.7,0,228.6,4.55,residencial,-23.81,0
MED-4966-EB,181.43,313.59,16.2,12,224.4,3.31,residencial,-42.14,0
MED-2501-rp,370.72,127.41,16.7,6,229.9,1.1,residencial,190.97,0
MED-0355-Vy,582.3,410.31,12.5,13,216.6,1.02,residencial,41.92,0
MED-5615-QF,501.81,219.82,20.5,12,213.4,4.3,residencial,128.28,0
MED-0325-kK,538.98,524.8,14.5,6,227.9,1.13,industrial,2.7,0
MED-4724-sG,223.32,429.61,6.8,13,224.5,2.84,comercial,-48.02,0
MED-5461-cV,151.56,246.32,20.4,14,210.8,0.67,comercial,-38.47,0
MED-8553-BJ,281.13,453.72,16.2,11,221.4,0.86,residencial,-38.04,0
MED-8620-fQ,308.36,308.14,9.3,0,213.2,3.53,residencial,0.07,0
MED-2312-uX,464.13,402.33,9.1,8,225.9,3.6,comercial,15.36,0
MED-4496-PP,46.13,358.17,13.8,5,221.9,2.04,comercial,-87.12,1
MED-4460-ua,529.43,198.44,14.8,14,228.4,1.47,residencial,166.8,0
MED-0528-bU,276.3,222.77,13.2,11,234.2,4.16,residencial,24.03,0
MED-7152-wN,235.97,423.6,13.9,1,219.0,1.48,residencial,-44.29,0
MED-8692-JX,148.18,259.83,22.2,4,238.9,2.94,residencial,-42.97,0
MED-7200-Rb,51.77,251.56,18.4,12,226.1,4.86,residencial,-79.42,1
MED-2896-LY,423.48,185.39,13.1,10,228.5,1.17,comercial,128.43,0
MED-9039-VX,311.0,350.83,17.6,3,230.4,4.73,residencial,-11.35,0
MED-1849-bY,106.51,547.5,5.8,6,230.0,1.32,residencial,-80.55,0
MED-7734-TO,105.74,171.9,14.4,7,225.3,3.05,residencial,-38.49,0
MED-3293-MX,249.63,302.91,22.9,10,222.9,2.2,residencial,-17.59,0
MED-9814-VY,550.35,469.47,10.7,13,211.6,4.84,residencial,17.23,0
MED-7336-ra,261.06,290.44,6.9,14,210.7,1.73,residencial,-10.12,0
MED-9334-tJ,74.53,354.28,8.1,10,220.7,2.3,residencial,-78.96,0
MED-8223-Le,263.14,172.51,5.5,0,220.0,4.92,comercial,52.54,0
MED-3010-HY,259.09,351.4,7.3,4,221.6,2.91,residencial,-26.27,0
MED-8042-Ne,104.53,277.54,9.8,14,214.2,2.76,residencial,-62.34,1
MED-1853-hQ,291.86,418.29,3.6,2,232.1,1.66,residencial,-30.23,0
MED-3639-sN,265.36,442.49,12.1,0,235.7,3.66,comercial,-40.03,0
MED-2373-lZ,404.43,610.75,17.4,11,238.2,0.56,residencial,-33.78,0
MED-5502-oG,577.34,369.56,6.6,2,224.8,0.72,comercial,56.22,0
MED-5137-kd,468.98,339.1,21.1,13,231.0,3.2,residencial,38.3,0
MED-1188-jc,259.67,323.33,15.1,5,235.7,2.04,comercial,-19.69,0
MED-1759-hX,134.02,257.62,18.2,13,222.5,4.79,comercial,-47.98,1
MED-0709-cu,686.0,340.62,8.1,6,219.3,4.56,residencial,101.4,0
MED-7536-Yc,308.88,264.55,17.1,7,238.1,3.71,residencial,16.76,0
MED-3279-LG,302.09,320.22,5.4,12,225.5,4.18,residencial,-5.66,0
MED-7035-LU,296.38,458.11,17.3,10,224.9,3.5,comercial,-35.3,0
MED-2409-vN,329.71,179.21,13.0,3,215.4,1.07,residencial,83.98,0
MED-2256-LP,278.35,436.79,15.3,2,213.2,3.94,residencial,-36.27,0
MED-2765-HO,213.95,458.05,4.9,4,235.3,1.45,comercial,-53.29,0
MED-0121-hf,217.97,285.83,6.6,8,228.4,1.96,comercial,-23.74,0
MED-6257-Ph,295.09,45.38,15.6,12,219.8,4.19,residencial,550.26,0
MED-2140-yE,218.49,227.06,6.3,5,215.8,2.91,residencial,-3.77,0
MED-0292-EV,193.07,455.64,14.8,14,226.7,4.37,residencial,-57.63,0
MED-9608-Fk,315.96,297.26,3.8,8,227.5,1.46,residencial,6.29,0
MED-4014-WD,261.75,180.08,17.1,14,216.2,3.24,residencial,45.35,0
MED-5171-wQ,525.6,239.43,4.6,5,235.5,0.88,residencial,119.52,0
MED-8147-MP,97.65,400.87,15.3,1,212.5,3.39,residencial,-75.64,0
MED-5697-Yk,463.73,365.61,15.8,12,220.7,3.93,comercial,26.84,0
MED-0674-Oo,486.91,271.33,7.8,4,230.4,3.13,residencial,79.45,0
MED-1480-vf,11.01,255.98,15.5,11,218.2,1.7,residencial,-95.7,1
MED-6170-LA,248.6,252.99,13.6,10,234.8,0.64,residencial,-1.74,0
MED-7279-Vd,244.28,189.31,8.8,8,232.2,1.04,residencial,29.04,0
MED-2614-Wo,88.87,493.85,5.9,7,233.7,3.3,residencial,-82.0,0
MED-6798-De,183.33,261.32,0.2,6,213.6,4.7,residencial,-29.84,0
MED-9115-wc,133.41,446.06,14.1,0,214.2,1.43,comercial,-70.09,0
MED-1165-bN,562.84,482.56,2.6,3,218.6,3.81,residencial,16.64,0
MED-9607-Ju,440.35,419.8,12.6,11,225.5,4.4,residencial,4.9,0
MED-6381-cN,490.73,248.21,10.4,6,232.4,2.84,comercial,97.71,0
MED-3552-eM,408.25,348.45,16.1,10,235.1,3.51,residencial,17.16,0
MED-9388-fp,130.64,297.1,10.2,6,231.1,4.17,comercial,-56.03,0
MED-5479-cg,221.32,191.56,10.0,14,237.9,1.67,residencial,15.54,0
MED-5204-Yd,373.41,338.92,16.4,5,232.2,1.84,comercial,10.18,0
MED-8030-vO,116.68,158.52,14.0,7,219.2,0.5,residencial,-26.39,0
MED-3100-Sp,406.95,442.52,13.9,10,218.0,4.83,comercial,-8.04,0
MED-6447-XB,263.95,244.25,14.8,12,230.9,4.63,comercial,8.07,0
MED-9502-LZ,243.78,324.14,2.8,5,215.8,3.94,residencial,-24.79,0
MED-7527-ks,406.64,333.99,16.5,9,212.8,0.86,residencial,21.75,0
MED-2411-Cm,366.64,268.93,15.7,2,226.0,2.51,comercial,36.33,0
MED-6996-mF,245.86,370.4,5.9,3,234.6,0.96,residencial,-33.62,0
MED-2334-Tt,473.9,243.01,10.5,13,213.0,0.57,residencial,95.01,0
MED-7844-sB,137.84,404.56,11.8,2,233.8,3.27,residencial,-65.93,0
MED-6818-Li,392.39,138.48,11.2,0,234.3,4.82,comercial,183.35,0
MED-8703-kM,388.97,315.17,14.0,14,224.5,4.56,residencial,23.42,0
MED-5765-Zd,253.57,532.67,20.6,9,211.7,3.64,residencial,-52.4,0
MED-1500-ch,348.92,179.96,18.5,4,215.2,0.93,residencial,93.89,0
MED-8954-ie,112.33,218.67,4.1,14,231.2,1.73,comercial,-48.63,0
MED-6610-vd,438.6,361.67,15.7,0,231.4,1.94,comercial,21.27,0
MED-3553-oS,272.26,321.55,20.0,0,237.0,3.93,industrial,-15.33,0
MED-3892-OC,221.59,342.08,14.3,1,227.5,4.11,residencial,-35.22,0
MED-3569-OA,457.35,358.7,18.5,12,213.7,2.23,comercial,27.5,0
MED-2628-sx,194.35,376.17,24.1,3,213.6,2.38,residencial,-48.33,0
MED-9524-qU,88.73,433.16,18.1,5,231.6,0.7,residencial,-79.52,0
MED-6931-Qi,66.51,349.18,13.5,7,215.5,1.8,residencial,-80.95,0
MED-5099-Ri,390.9,271.05,18.3,12,219.9,2.53,residencial,44.22,0
MED-9021-bi,107.94,380.71,12.9,2,224.6,1.03,comercial,-71.65,0
MED-4771-Vq,563.22,527.99,12.1,0,210.7,2.54,residencial,6.67,0
MED-7657-eL,12.29,284.08,9.9,2,217.5,4.34,residencial,-95.67,1
MED-6811-VE,554.47,183.06,21.4,11,222.2,3.12,comercial,202.89,0
MED-0107-ps,331.65,432.85,7.1,2,218.4,0.86,comercial,-23.38,0
MED-1418-Fq,285.49,285.55,21.2,4,214.1,1.36,residencial,-0.02,0
MED-7814-vP,218.26,39.28,15.0,10,231.8,2.64,residencial,455.65,0
MED-9859-jg,359.87,401.69,3.6,11,234.4,2.13,comercial,-10.41,0
MED-3026-Hg,294.35,235.76,14.2,11,217.7,2.11,residencial,24.85,0
MED-4651-QT,465.5,289.14,0.6,3,233.2,2.88,residencial,60.99,0
MED-3929-Wq,317.13,339.84,15.8,12,221.6,3.13,residencial,-6.68,0
MED-6181-Yn,322.55,322.86,17.3,3,225.2,4.09,residencial,-0.1,0
MED-1506-Jg,245.46,385.13,8.4,8,235.7,2.03,comercial,-36.27,0
MED-3643-zt,291.46,247.74,12.7,6,232.5,4.12,residencial,17.65,0
MED-7123-Tl,346.17,361.57,23.7,3,234.2,2.02,residencial,-4.26,0
MED-5224-tI,43.47,268.85,9.0,2,214.1,0.75,residencial,-83.83,1
MED-1254-BK,97.77,388.66,5.6,5,212.1,2.99,residencial,-74.84,0
MED-6898-iP,411.49,373.84,20.9,2,236.8,3.15,residencial,10.07,0
MED-6426-WU,325.63,187.75,23.8,5,221.6,4.71,residencial,73.44,0
MED-6699-vQ,272.4,430.32,12.0,10,218.6,3.77,residencial,-36.7,0
MED-4515-mt,302.77,235.68,18.1,12,231.7,4.63,residencial,28.47,0
MED-0172-zg,352.14,396.97,20.0,10,235.1,4.59,residencial,-11.29,0
MED-1415-Xd,219.04,344.07,7.5,12,235.9,3.22,residencial,-36.34,0
MED-5747-kd,183.25,520.58,9.1,12,219.5,2.87,residencial,-64.8,0
MED-7159-Zn,329.38,273.18,19.4,11,235.6,3.01,residencial,20.57,0
MED-6274-OC,153.24,258.08,22.1,8,211.2,4.9,comercial,-40.62,1
MED-8688-As,361.24,297.67,15.4,5,211.5,3.98,residencial,21.36,0
MED-5639-Lm,44.61,263.62,6.7,11,228.7,0.98,residencial,-83.08,0
MED-7262-JF,454.37,395.99,23.9,3,211.9,4.0,residencial,14.74,0
MED-9837-vK,370.89,106.04,8.8,14,219.7,1.27,industrial,249.76,0
MED-4088-TS,338.4,173.56,10.0,4,230.2,2.51,residencial,94.98,0
MED-5594-qB,447.4,171.86,14.1,12,220.1,1.45,comercial,160.33,0
MED-2942-GB,549.82,414.04,21.3,5,215.4,3.6,residencial,32.79,0
MED-2660-XB,452.16,505.27,17.1,10,218.4,4.45,comercial,-10.51,0
MED-3598-Ul,23.87,287.47,14.5,2,223.7,1.81,comercial,-91.7,1
MED-0378-lL,108.06,279.74,14.8,7,224.3,0.87,residencial,-61.37,0
MED-5639-zl,206.28,308.41,12.3,3,233.5,1.84,residencial,-33.12,0
MED-1923-Bj,303.91,439.43,15.3,7,232.5,3.53,residencial,-30.84,0
MED-0368-zn,377.65,188.72,3.2,9,223.7,1.98,residencial,100.11,0
MED-6915-mb,191.14,328.6,10.2,9,235.4,1.75,residencial,-41.83,0
MED-4678-vJ,328.02,417.02,13.4,2,213.4,1.33,residencial,-21.34,0
MED-2890-sl,186.69,360.13,5.1,9,217.7,2.74,residencial,-48.16,0
MED-4768-mn,208.27,322.75,14.3,6,234.8,1.74,residencial,-35.47,0
MED-0245-Pw,89.0,420.13,10.8,10,221.3,3.79,residencial,-78.82,0
MED-3411-vL,161.52,24.39,22.5,12,239.4,0.84,residencial,562.24,0
MED-4160-ux,97.25,381.35,21.4,11,224.0,3.49,residencial,-74.5,0
MED-4034-HX,153.62,221.51,9.2,8,233.8,1.57,industrial,-30.65,0
MED-8852-IJ,458.05,80.32,11.1,3,222.1,2.7,residencial,470.28,0
MED-9595-eX,157.59,361.34,11.6,7,222.7,1.79,comercial,-56.39,0
MED-6937-Fe,694.86,464.84,9.3,2,221.5,3.75,residencial,49.48,0
MED-7583-Mb,374.0,283.51,13.2,6,231.6,4.75,residencial,31.92,0
MED-6483-nz,327.73,414.34,7.5,2,226.4,4.63,residencial,-20.9,0
MED-1161-Sl,171.25,493.47,5.2,11,238.3,3.13,residencial,-65.3,0
MED-8514-Co,405.05,457.79,15.7,14,217.5,2.58,comercial,-11.52,0
MED-1635-yp,213.65,496.8,15.8,14,213.0,4.18,residencial,-56.99,0
MED-2405-dA,318.3,389.06,7.2,6,221.8,3.57,residencial,-18.19,0
MED-1890-sH,684.01,309.05,17.4,13,228.5,1.33,industrial,121.33,0
MED-0540-CM,285.59,107.76,8.2,10,235.8,4.19,residencial,165.02,0
MED-9093-UP,472.39,270.47,13.5,9,220.4,2.43,industrial,74.66,0
MED-7065-IR,194.52,198.81,16.9,9,229.6,1.35,industrial,-2.16,0
MED-5079-vm,294.75,560.51,11.8,10,220.5,1.77,residencial,-47.41,0
MED-1223-OD,565.62,278.89,14.7,10,228.5,1.7,residencial,102.81,0
MED-6023-TL,205.95,314.78,8.9,5,236.5,2.84,residencial,-34.57,0
MED-2148-sb,571.87,366.18,10.8,1,216.9,1.55,residencial,56.17,0
MED-5465-LC,406.16,305.23,10.8,10,222.1,1.06,residencial,33.07,0
MED-9291-aM,215.63,503.41,7.5,2,239.8,1.06,industrial,-57.17,0
MED-6387-GQ,394.86,225.28,10.9,5,236.1,3.12,comercial,75.28,0
MED-8043-nW,445.88,323.35,2.7,13,226.9,3.81,residencial,37.89,0
MED-3732-oC,393.27,210.9,9.1,3,225.5,1.95,residencial,86.47,0
MED-4357-tf,64.47,141.6,10.3,5,218.5,0.66,residencial,-54.47,0
MED-7575-cH,190.93,226.59,10.5,0,225.5,1.07,residencial,-15.74,0
MED-1727-ca,262.87,295.56,10.6,9,235.4,4.62,comercial,-11.06,0
MED-7742-eg,288.83,248.48,11.6,11,230.6,2.72,residencial,16.24,0
MED-3416-ed,393.1,216.91,14.9,0,218.7,2.54,residencial,81.23,0
MED-7396-UK,326.66,131.24,17.2,2,216.0,0.67,residencial,148.9,0
MED-3920-wa,99.7,290.03,8.1,7,218.0,3.78,comercial,-65.62,0
MED-2729-pG,357.03,119.43,4.8,7,215.1,2.88,residencial,198.94,0
MED-6282-eF,391.59,391.21,5.7,10,212.9,1.41,comercial,0.1,0
MED-3414-ER,383.97,309.89,9.1,3,222.6,1.0,residencial,23.91,0
MED-6435-Ni,462.12,125.09,9.9,5,213.4,2.23,comercial,269.43,0
MED-0300-kD,425.09,262.89,7.4,14,215.2,4.27,residencial,61.7,0
MED-6162-Yf,368.88,209.74,4.2,7,226.4,4.39,residencial,75.87,0
MED-3534-ih,289.48,338.3,9.3,6,214.9,3.21,comercial,-14.43,0
MED-4071-Bp,50.86,460.85,13.1,10,211.9,3.77,residencial,-88.96,1
MED-3694-aM,364.44,74.98,15.6,6,219.5,1.02,residencial,386.05,0
MED-4237-bi,331.15,313.8,8.7,12,216.6,3.15,residencial,5.53,0
MED-9775-Mk,340.74,280.78,9.5,3,225.5,3.5,comercial,21.35,0
MED-4885-GI,108.49,380.56,6.4,8,213.1,1.4,comercial,-71.49,1
MED-5848-EF,137.84,325.58,11.8,11,232.6,4.46,residencial,-57.66,0
MED-4087-Dq,457.97,209.76,6.9,9,237.2,1.38,residencial,118.33,0
MED-7140-FW,294.07,261.71,15.4,5,232.3,1.91,comercial,12.36,0
MED-7754-fh,402.23,204.48,1.3,13,226.0,3.29,residencial,96.71,0
MED-4341-rm,304.25,429.12,9.8,11,235.8,3.37,comercial,-29.1,0
MED-2615-AL,304.46,302.56,13.8,10,230.8,3.65,residencial,0.63,0
MED-5898-ep,440.74,528.14,13.1,2,210.3,1.0,industrial,-16.55,0
MED-4171-fr,222.59,292.72,28.2,4,221.8,4.32,comercial,-23.96,0
MED-8375-KI,314.42,214.99,14.1,4,235.5,2.9,comercial,46.25,0
MED-5965-UR,230.66,118.35,6.0,13,220.4,2.62,residencial,94.9,0
MED-6026-xU,234.83,83.62,11.4,4,211.1,4.91,residencial,180.83,0
MED-2039-XG,253.62,109.9,1.3,7,232.4,3.83,residencial,130.77,0
MED-0889-yM,333.32,332.06,11.5,8,234.1,1.03,residencial,0.38,0
MED-1910-ml,228.19,361.05,7.0,12,214.8,3.9,residencial,-36.8,0
MED-6762-Ka,488.36,110.26,17.5,8,226.1,0.93,residencial,342.92,0
MED-2700-zC,165.81,407.4,8.7,12,215.8,0.62,comercial,-59.3,0
MED-7578-Dl,271.97,242.03,11.3,5,231.6,2.32,residencial,12.37,0
MED-9500-GI,234.04,317.62,8.2,5,218.1,4.97,residencial,-26.31,0
MED-9735-IC,517.05,493.47,22.4,8,219.5,1.29,residencial,4.78,0
MED-5554-VQ,329.48,407.62,10.1,3,235.3,3.53,residencial,-19.17,0
MED-7247-bq,454.78,267.78,23.0,5,224.3,1.28,residencial,69.83,0
MED-1444-yi,77.17,193.06,16.9,3,230.1,3.76,residencial,-60.03,0
MED-9201-Ol,340.06,41.78,14.9,10,222.1,2.77,comercial,713.93,0
MED-5460-BY,433.44,213.7,14.2,0,218.9,3.56,residencial,102.83,0
MED-3182-Kb,312.34,274.66,14.4,6,228.8,1.41,residencial,13.72,0
MED-7529-nO,459.82,181.54,0.4,13,214.6,3.86,residencial,153.29,0
MED-5707-QV,222.41,284.25,10.3,9,221.2,4.98,comercial,-21.76,0
MED-3230-DY,511.4,309.22,17.1,10,216.3,3.5,residencial,65.38,0
MED-8910-Ig,644.83,273.02,11.7,11,230.9,2.72,comercial,136.18,0
MED-4144-tC,245.57,222.0,3.6,5,238.3,4.65,residencial,10.62,0
MED-4526-Pu,233.17,320.24,11.7,8,239.9,0.57,comercial,-27.19,0
MED-9787-HV,518.01,353.03,22.2,6,223.5,3.78,residencial,46.73,0
MED-4803-iv,536.94,169.15,19.5,12,217.6,4.5,residencial,217.43,0
MED-0889-SV,221.57,469.31,11.6,6,223.3,0.78,residencial,-52.79,0
MED-3968-uJ,236.97,288.17,17.7,1,235.4,2.53,residencial,-17.77,0
MED-4277-pC,257.73,302.26,9.8,11,216.2,1.42,residencial,-14.73,0
MED-2294-yc,98.33,384.99,1.8,10,238.6,3.05,comercial,-74.46,0
MED-0104-Vx,162.2,327.99,6.5,14,220.3,3.42,residencial,-50.55,0
MED-8449-QQ,149.38,414.38,21.4,8,239.6,1.86,comercial,-63.95,0
MED-7033-Mh,184.83,334.45,10.4,9,235.2,2.57,comercial,-44.74,0
MED-3171-ip,294.8,226.51,10.5,8,234.3,1.76,residencial,30.15,0
MED-0916-vu,335.13,343.38,10.2,5,219.5,2.16,comercial,-2.4,0
MED-9632-Dt,532.58,162.75,23.4,12,210.3,1.22,residencial,227.24,0
MED-8160-na,150.25,313.03,21.8,2,221.5,4.49,residencial,-52.0,0
MED-7407-Xu,447.65,296.01,25.3,0,219.1,0.55,industrial,51.23,0
MED-2492-og,267.9,275.03,11.0,3,211.1,4.47,residencial,-2.59,0
MED-9794-gY,292.58,284.58,13.8,13,225.2,3.07,residencial,2.81,0
MED-1648-Dm,401.22,74.18,2.9,13,222.1,1.99,residencial,440.87,0
MED-6305-av,131.59,234.15,20.9,2,229.0,3.75,residencial,-43.8,0
MED-3509-uY,357.36,311.14,5.0,13,228.6,2.78,industrial,14.86,0
MED-3559-Zi,324.97,319.18,13.3,11,213.6,2.75,residencial,1.81,0
MED-9352-Ri,373.87,176.68,5.4,0,239.3,1.0,residencial,111.61,0
MED-3359-HL,343.38,451.88,8.5,2,215.6,2.25,residencial,-24.01,0
MED-4775-Xe,668.3,196.06,7.0,13,223.4,1.58,residencial,240.87,0
MED-8054-io,204.34,416.33,8.4,13,224.6,0.57,residencial,-50.92,0
MED-4680-aq,220.35,351.26,8.8,3,234.4,2.12,residencial,-37.27,0
MED-7882-WM,206.53,222.45,8.7,12,213.0,0.9,residencial,-7.16,0
MED-1676-Gi,216.68,513.04,17.0,12,222.9,1.66,residencial,-57.77,0
MED-9077-nH,204.39,156.76,5.4,14,228.9,0.92,comercial,30.38,0
MED-9004-RS,478.35,410.3,13.3,13,216.5,0.95,residencial,16.59,0
MED-8874-Wm,513.08,420.07,19.3,7,228.8,1.4,comercial,22.14,0
MED-8229-vr,214.39,219.53,8.9,8,237.7,5.0,comercial,-2.34,0
MED-0800-fP,175.15,467.1,7.7,2,239.9,0.51,comercial,-62.5,0
MED-2381-pJ,370.71,269.99,10.6,5,211.0,3.37,comercial,37.31,0
MED-0005-Bj,217.17,334.64,19.1,9,217.1,1.14,residencial,-35.1,0
MED-1935-dH,394.94,331.24,13.2,10,219.3,4.64,residencial,19.23,0
MED-1234-df,330.44,283.88,8.8,14,222.0,0.92,residencial,16.4,0
MED-2912-Ij,72.64,397.3,14.9,4,217.3,4.8,residencial,-81.72,1
MED-8878-Nj,532.13,395.22,5.4,5,216.1,3.25,comercial,34.64,0
MED-4822-nP,569.38,90.18,16.1,3,238.6,0.51,residencial,531.38,0
MED-1601-cB,208.08,456.52,14.5,9,237.6,4.52,comercial,-54.42,1
MED-8128-aJ,241.84,100.5,10.2,5,211.4,2.85,residencial,140.64,0
MED-0790-aN,342.88,423.91,7.0,6,220.2,1.68,comercial,-19.11,0
MED-6883-OV,350.17,435.2,6.7,8,222.2,3.95,residencial,-19.54,0
MED-9913-zr,398.78,169.08,15.2,9,217.2,4.67,residencial,135.85,0
MED-4240-PK,601.53,250.7,19.4,6,228.9,2.68,residencial,139.94,0
MED-8553-xm,273.46,167.32,8.2,5,229.2,1.92,comercial,63.44,0
MED-5675-GD,180.26,274.21,14.8,0,235.5,4.05,residencial,-34.26,0
MED-5500-fk,93.1,263.04,0.5,1,232.2,3.57,comercial,-64.61,0
MED-5202-xU,190.36,393.56,8.5,0,226.3,4.5,comercial,-51.63,0
MED-8822-nj,295.03,457.24,11.8,8,229.6,3.62,comercial,-35.48,0
MED-7122-Kc,569.18,467.48,6.5,9,218.2,1.6,residencial,21.75,0
MED-6313-KD,222.36,232.54,6.4,9,227.8,4.69,comercial,-4.38,0
MED-6316-rn,333.57,274.89,8.0,8,224.7,0.97,comercial,21.35,0
MED-6446-cG,297.54,97.99,13.8,6,214.0,1.71,residencial,203.64,0
MED-4288-es,478.26,203.3,10.9,12,217.3,2.84,residencial,135.25,0
MED-8383-Np,679.04,415.78,1.4,1,218.8,3.05,residencial,63.32,0
MED-8959-vL,220.37,493.87,0.7,5,237.7,0.57,residencial,-55.38,0
MED-1557-rG,226.58,151.88,8.4,10,216.9,4.01,residencial,49.18,0
MED-9564-kT,456.62,228.9,14.7,3,218.7,2.13,industrial,99.48,0
MED-2277-XI,402.28,296.83,4.5,0,221.1,2.33,residencial,35.53,0
MED-6548-Rz,577.01,333.62,9.0,0,229.9,4.14,residencial,72.95,0
MED-1970-ze,387.59,202.85,8.8,11,213.5,2.21,industrial,91.07,0
MED-7193-Op,246.11,350.89,20.3,4,238.6,0.71,residencial,-29.86,0
MED-9665-GW,388.6,243.14,9.7,11,236.0,1.29,comercial,59.83,0
MED-8600-wT,466.31,298.27,14.3,1,227.3,4.8,residencial,56.34,0
MED-5832-Se,423.07,365.55,12.8,3,230.2,0.82,residencial,15.74,0
MED-6200-Ik,376.09,300.77,0.8,0,210.5,2.1,residencial,25.04,0
MED-7534-as,460.0,247.63,16.6,3,220.2,2.76,residencial,85.76,0
MED-6259-oV,475.39,286.85,13.3,10,233.9,2.72,residencial,65.73,0
MED-6103-sT,507.32,289.4,15.0,5,212.3,0.52,comercial,75.3,0
MED-9966-gp,397.31,255.6,35.6,9,218.5,2.76,residencial,55.44,0
MED-4205-Fs,274.93,268.94,0.5,3,227.6,2.23,comercial,2.23,0
MED-9714-lz,322.01,491.84,22.3,0,217.7,4.87,residencial,-34.53,1
MED-7487-CI,480.98,367.31,10.3,6,238.0,1.22,residencial,30.95,0
MED-4674-he,177.46,264.54,13.7,13,213.9,2.09,residencial,-32.92,0
MED-8688-Ww,355.3,383.63,11.7,1,233.9,2.39,residencial,-7.38,0
MED-4285-kE,241.0,259.94,9.5,8,225.2,2.26,comercial,-7.29,0
MED-2314-hS,304.31,440.77,8.6,12,232.5,3.5,industrial,-30.96,0
MED-0708-nv,491.77,344.36,14.0,2,219.3,1.47,comercial,42.81,0
MED-4555-bZ,328.66,287.12,2.9,7,225.4,1.49,residencial,14.47,0
MED-1844-sb,306.97,353.73,16.5,12,235.7,3.78,residencial,-13.22,0
MED-9708-AO,96.02,111.49,9.5,7,224.0,2.75,residencial,-13.88,0
MED-7780-ZE,411.94,164.79,5.2,2,220.8,2.37,comercial,149.98,0
MED-5883-Cm,396.82,156.73,9.3,3,226.1,1.26,residencial,153.19,0
MED-2241-XP,624.49,317.15,19.5,1,231.5,1.34,residencial,96.91,0
MED-3516-cK,253.83,507.9,8.8,3,223.3,0.55,residencial,-50.02,0
MED-0793-VS,332.87,567.76,14.2,10,238.2,0.91,residencial,-41.37,0
MED-9415-oZ,337.41,376.57,7.6,10,218.8,3.01,residencial,-10.4,0
MED-1306-xh,536.62,360.1,16.5,10,224.3,4.51,residencial,49.02,0
MED-7080-zn,285.71,83.87,16.1,13,232.7,1.79,comercial,240.66,0
MED-4871-vq,341.85,234.88,23.1,8,230.7,1.97,comercial,45.54,0
MED-2720-fy,391.18,205.47,10.9,1,235.9,1.02,residencial,90.38,0
MED-8361-vq,327.99,225.5,16.0,11,239.9,2.25,residencial,45.45,0
MED-0215-Cj,233.03,279.82,12.6,11,222.8,0.67,residencial,-16.72,0
MED-6621-Jh,329.11,243.35,19.8,12,213.3,4.63,industrial,35.24,0
MED-9392-my,461.04,62.48,7.7,2,210.9,3.53,industrial,637.9,0
MED-9896-cO,146.02,389.75,16.5,14,231.8,4.96,comercial,-62.53,1
MED-1930-yZ,319.95,171.27,10.8,10,236.2,4.47,comercial,86.81,0
MED-8229-eG,194.98,328.71,11.6,10,216.6,2.63,residencial,-40.68,0
MED-0964-hz,479.26,548.89,12.6,14,214.8,2.84,comercial,-12.69,0
MED-4872-bT,71.52,189.67,13.5,3,211.9,1.36,residencial,-62.29,0
MED-4689-Fe,216.16,3.63,11.3,4,234.7,2.58,residencial,5854.82,0
MED-0002-jg,356.58,265.68,13.3,0,219.3,4.56,comercial,34.21,0
MED-5143-pE,534.83,432.12,21.5,6,222.1,0.73,residencial,23.77,0
MED-0099-Lq,290.14,535.0,17.9,13,225.1,4.39,residencial,-45.77,0
MED-4137-Ew,216.72,152.45,17.2,9,235.2,2.03,residencial,42.16,0
MED-2927-nX,582.17,359.6,9.3,6,229.5,4.55,residencial,61.89,0
MED-8110-Dz,82.8,244.16,6.7,8,228.5,4.73,comercial,-66.09,1
MED-7959-cQ,29.82,287.29,17.7,3,215.3,3.52,residencial,-89.62,1
MED-6470-CB,366.0,617.32,17.3,13,225.4,3.49,residencial,-40.71,0
MED-3867-Kf,224.69,119.64,20.8,13,231.5,2.54,residencial,87.81,0
MED-2206-lJ,146.82,330.45,8.4,5,239.2,4.26,residencial,-55.57,0
MED-7295-YZ,406.25,356.12,10.6,10,216.0,4.83,residencial,14.08,0
MED-6827-gy,336.57,430.29,2.2,1,210.3,3.99,residencial,-21.78,0
MED-6053-Gj,215.39,311.76,9.6,11,212.3,3.3,residencial,-30.91,0
MED-1182-DO,107.95,336.97,18.0,11,221.3,3.23,comercial,-67.96,0
MED-4645-pu,430.87,253.0,9.2,13,234.6,4.32,industrial,70.3,0
MED-0255-Ch,397.53,332.3,15.8,3,210.2,2.94,residencial,19.63,0
MED-2218-AO,285.12,258.82,10.9,1,223.7,4.12,residencial,10.16,0
MED-9263-rR,577.0,374.59,13.9,9,219.9,2.79,residencial,54.04,0
MED-1092-sm,139.49,255.65,5.1,4,211.6,0.78,comercial,-45.44,0
MED-5303-Xr,71.17,345.25,12.5,14,223.5,2.23,residencial,-79.39,0
MED-0348-oq,196.21,296.49,5.9,6,217.6,2.5,comercial,-33.82,0
MED-5439-ko,293.16,435.13,10.9,12,220.6,1.14,comercial,-32.63,0
MED-1363-oC,336.5,293.83,2.2,0,231.2,0.96,comercial,14.52,0
MED-5495-Jw,263.81,87.24,19.2,14,225.6,2.91,comercial,202.4,0
MED-9778-my,352.81,451.43,16.7,9,213.7,0.88,residencial,-21.85,0
MED-6544-eV,112.27,191.31,14.8,9,238.8,1.86,residencial,-41.32,0
MED-5913-tq,516.56,221.55,21.1,6,229.1,3.85,industrial,133.16,0
MED-3650-qU,287.68,228.52,6.3,9,233.0,4.84,residencial,25.89,0
MED-4406-Ho,467.59,464.93,22.5,12,212.4,3.73,residencial,0.57,0
MED-7504-jz,351.41,43.72,17.6,5,211.4,4.97,residencial,703.77,0
MED-9822-kj,368.51,676.53,10.6,5,210.6,3.64,residencial,-45.53,0
MED-1421-pB,385.47,426.73,18.8,11,215.7,1.82,comercial,-9.67,0
MED-3549-gb,367.16,326.79,5.4,7,222.4,3.52,residencial,12.35,0
MED-9994-aB,396.41,293.41,7.1,7,238.1,3.66,residencial,35.1,0
MED-3370-RS,499.37,334.27,8.3,5,223.7,2.17,industrial,49.39,0
MED-6559-SM,329.48,362.53,8.8,2,218.7,0.58,comercial,-9.12,0
MED-6560-xe,406.35,377.43,5.7,4,226.9,3.66,residencial,7.66,0
MED-6662-nO,286.54,366.67,19.3,1,213.4,0.6,residencial,-21.85,0
MED-3129-fV,516.02,310.75,10.4,14,228.3,3.34,residencial,66.06,0
MED-3800-Yf,198.54,276.32,14.1,13,227.1,1.24,residencial,-28.15,0
MED-0580-CO,570.14,281.85,8.6,4,233.8,3.05,residencial,102.28,0
MED-9493-Ze,293.98,276.61,1.1,13,239.6,2.77,residencial,6.28,0
MED-9310-Oz,85.38,436.05,13.6,8,217.5,0.56,comercial,-80.42,0
MED-8548-is,319.22,371.23,0.5,9,225.3,2.13,residencial,-14.01,0
MED-4852-CM,197.84,52.85,11.6,0,237.3,3.2,residencial,274.34,0
MED-7328-QM,426.1,378.71,3.8,9,233.6,4.32,residencial,12.51,0
MED-6185-tG,202.11,323.37,23.9,4,224.6,4.5,residencial,-37.5,0
MED-5412-qs,233.07,297.75,17.5,11,238.4,2.68,comercial,-21.72,0
MED-5868-lY,16.57,253.38,12.6,5,211.7,3.78,residencial,-93.46,1
MED-3948-xV,232.15,434.89,19.6,13,237.9,1.92,residencial,-46.62,0
MED-6589-Dq,63.58,413.7,6.9,10,211.5,2.04,residencial,-84.63,1
MED-3639-WK,62.41,207.25,15.3,6,226.4,1.38,industrial,-69.89,0
MED-3428-Ac,414.06,348.85,13.2,8,236.7,3.03,residencial,18.69,0
MED-5130-DB,417.87,183.4,13.6,5,217.9,1.92,residencial,127.85,0
MED-7223-os,363.82,134.45,19.6,4,224.2,0.88,residencial,170.6,0
MED-4913-Ge,154.95,224.79,16.4,11,219.7,3.58,comercial,-31.07,0
MED-8773-pZ,292.84,403.49,13.7,6,238.6,3.68,residencial,-27.42,0
MED-9518-UR,299.46,414.38,2.1,12,234.7,2.12,residencial,-27.73,0
MED-1480-oH,126.25,361.57,6.2,0,231.3,0.85,residencial,-65.08,0
MED-2260-Gy,525.51,387.01,11.3,10,227.6,2.42,residencial,35.79,0
MED-0721-Tp,431.6,361.94,12.6,13,234.6,2.49,comercial,19.25,0
MED-0902-iO,266.86,223.02,5.2,4,221.8,3.51,comercial,19.66,0
MED-3935-zP,304.03,351.83,26.5,14,223.4,1.92,residencial,-13.59,0
MED-2391-gV,331.26,396.05,21.1,1,231.9,3.57,residencial,-16.36,0
MED-9891-GU,6.26,390.51,15.6,3,220.7,4.42,residencial,-98.4,1
MED-3158-Zt,262.92,442.67,12.4,6,211.9,1.57,residencial,-40.61,0
MED-6952-HT,197.7,385.0,10.7,4,212.2,4.91,residencial,-48.65,1
MED-6102-ND,149.76,342.17,6.3,11,213.5,2.24,residencial,-56.23,0
MED-7652-By,257.83,428.42,12.5,5,236.1,1.7,residencial,-39.82,0
MED-3209-BH,569.65,296.82,13.5,1,224.2,2.4,residencial,91.92,0
MED-4519-jF,396.13,194.18,4.5,2,231.4,0.92,industrial,104.0,0
MED-2156-FG,214.32,280.43,14.0,6,221.8,1.07,comercial,-23.57,0
MED-4231-tP,385.89,210.61,11.1,10,217.8,2.36,comercial,83.22,0
